ID,Name,Contact_information
1,Иван Иванов,ivanov@example.com
2,Петр Петров,petrov@example.com
3,Сергей Сергеев,sergeev@example.com
4,Алексей Алексеев,alekseev@mail.ru
5,Василий Васильев,vasiliev@yandex.ru
6,Михаил Михайлов,mikhailov@gmail.com
7,Андрей Андреев,andreev@example.com
8,Дмитрий Дмитриев,dmitriev@mail.ru
9,Александр Александров,aleksandrov@yandex.ru
10,Владимир Владимиров,vladimirov@gmail.com
11,Николай Николаев,nikolaev@example.com
12,Антон Антонов,antonov@mail.ru
13,Сергей Сергеев,sergeev@yandex.ru
14,Игорь Игорев,igorev@gmail.com
15,Степан Степанов,stepanov@example.com
16,Виктор Викторов,viktorov@mail.ru
17,Георгий Георгиев,georgiev@yandex.ru
18,Вячеслав Вячеславов,vyacheslavov@gmail.com
19,Артем Артемов,artemov@example.com
20,Роман Романов,romanov@mail.ru
21,Олег Олегов,olegov@yandex.ru
22,Евгений Евгеньев,evgeniev@gmail.com
23,Денис Денисов,denisov@example.com
24,Константин Константинов,konstantinov@mail.ru
25,Борис Борисов,borisov@yandex.ru
26,Ярослав Ярославов,yaroslavov@gmail.com
27,Григорий Григорьев,grigoriev@example.com
28,Леонид Леонидов,leonidov@mail.ru
29,Тимофей Тимофеев,timofeev@yandex.ru
30,Игнат Игнатов,ignatov@gmail.com
